{
  "name": "Las Palmas",
  "comunidad": "canarias",
  "webs": [
    {
      "url": "www.grancanaria.com",
      "name": "Cabildo de Gran Canaria",
      "twitter": "GranCanariaCab"
    },
    {
      "url": "www.cabildofuer.es",
      "name": "Cabildo de Fuerteventura",
      "twitter": "CabildoFTV"
    },
    {
      "url": "www.cabildodelanzarote.com",
      "name": "Cabildo de Lanzarote",
      "twitter": "CabildoLZ"
    },
    {
      "url": "www.laspalmasgc.es",
      "name": "Ayuntamiento de Las Palmas de Gran Canaria",
      "twitter": "AyuntamientoLPA",
      "tags": ["ayuntamientos"]
    },
    {
      "url": "www.puertodelrosario.org",
      "name": "Ayuntamiento de Puerto del Rosario",
      "twitter": "PuertoRosario",
      "tags": ["ayuntamientos"]
    },
    {
      "url": "www.arrecife.es",
      "name": "Ayuntamiento de Arrecife",
      "twitter": "PrensaArrecife",
      "tags": ["ayuntamientos"]
    },
    {
      "url": "www.ayuntamientodeharia.com",
      "name": "Ayuntamiento de Haría,
      "twitter": "",
      "tags": ["ayuntamientos"]
    },
    {
      "url": "www.sanbartolome.es",
      "name": "Ayuntamiento de San Bartolomé",
      "twitter": "sanbartolome",
      "tags": ["ayuntamientos"]
    },
    {
      "url": "teguise.es",
      "name": "Ayuntamiento de Teguise",
      "twitter": "",
      "tags": ["ayuntamientos"]
    },
    {
      "url": "www.ayuntamientodetias.es",
      "name": "Ayuntamiento de Tías",
      "twitter": "AytoDeTias",
      "tags": ["ayuntamientos"]
    },
    {
      "url": "www.tinajo.es",
      "name": "Ayuntamiento de Tinajo",
      "twitter": "",
      "tags": ["ayuntamientos"]
    },
    {
      "url": "yaiza.es",
      "name": "Ayuntamiento de Yaiza",
      "twitter": "",
      "tags": ["ayuntamientos"]
    },
    {
      "url": "turismolanzarote.com",
      "name": "Turismo Lanzarote",
      "twitter": "turismolzt"
    }
  ]
}
